eventID,parentEventID,eventDate,fieldNumber,minimumDepthInMeters,maximumDepthInMeters,decimalLongitude,decimalLatitude
AMT1_1,AMT1,25-09-1995,9216,7,7,-9.1461,48.9313
AMT1_2,AMT1,25-09-1995,9219,50,50,-9.1461,48.9313
AMT1_3,AMT1,26-09-1995,9229,7,7,-14.8529,47.9217
AMT1_4,AMT1,26-09-1995,9231,40,40,-14.8529,47.9217
AMT1_5,AMT1,27-09-1995,9243,7,7,-19.9849,47.0132
AMT1_6,AMT1,27-09-1995,9245,50,50,-19.9849,47.0132
AMT1_7,AMT1,28-09-1995,9262,7,7,-20.0313,42.2547
AMT1_8,AMT1,28-09-1995,9265,60,60,-20.0313,42.2547
AMT1_9,AMT1,29-09-1995,9275,7,7,-19.9905,37.9107
AMT1_10,AMT1,29-09-1995,9278,90,90,-19.9905,37.9107
AMT1_11,AMT1,30-09-1995,9292,7,7,-20.8778,33.5972
AMT1_12,AMT1,30-09-1995,9293,110,110,-20.8778,33.5972
AMT1_13,AMT1,02-10-1995,9303,7,7,-21.8312,27.3734
AMT1_14,AMT1,02-10-1995,9305,80,80,-21.8312,27.3734
AMT1_15,AMT1,03-10-1995,9310,7,7,-21.1634,23.2831
AMT1_16,AMT1,03-10-1995,9312,80,80,-21.1634,23.2831
AMT1_17,AMT1,04-10-1995,9351,7,7,-20.3942,19.4997
AMT1_18,AMT1,04-10-1995,9352,30,30,-20.3942,19.4997
AMT1_19,AMT1,05-10-1995,9363,7,7,-20.4362,13.0422
AMT1_20,AMT1,05-10-1995,9364,70,70,-20.4362,13.0422
AMT1_21,AMT1,06-10-1995,9368,7,7,-22.2151,9.2381
AMT1_22,AMT1,06-10-1995,9370,60,60,-22.2151,9.2381
AMT1_23,AMT1,07-10-1995,9333,7,7,-23.9664,5.3564
AMT1_24,AMT1,07-10-1995,9335,80,80,-23.9664,5.3564
AMT1_25,AMT1,08-10-1995,9385,7,7,-25.7013,1.3923
AMT1_26,AMT1,08-10-1995,9387,80,80,-25.7013,1.3923
AMT1_27,AMT1,09-10-1995,9403,7,7,-27.5272,-2.79
AMT1_28,AMT1,09-10-1995,9405,90,90,-27.5272,-2.79
AMT1_29,AMT1,10-10-1995,9430,7,7,NA,NA
AMT1_30,AMT1,10-10-1995,9432,100,100,NA,NA
AMT1_31,AMT1,11-10-1995,9446,7,7,-31.5546,-11.4695
AMT1_32,AMT1,11-10-1995,9448,140,140,-31.5546,-11.4695
AMT1_33,AMT1,12-10-1995,9455,7,7,-33.4497,-15.5804
AMT1_34,AMT1,12-10-1995,9457,150,150,-33.4497,-15.5804
AMT1_35,AMT1,13-10-1995,9469,7,7,-35.3618,-19.6447
AMT1_36,AMT1,13-10-1995,9471,160,160,-35.3618,-19.6447
AMT1_37,AMT1,14-10-1995,9475,7,7,-37.3878,-23.7904
AMT1_38,AMT1,14-10-1995,9477,120,120,-37.3878,-23.7904
AMT1_39,AMT1,15-10-1995,9483,7,7,-40.138,-27.1173
AMT1_40,AMT1,15-10-1995,9485,80,80,-40.138,-27.1173
AMT1_41,AMT1,16-10-1995,9497,7,7,-43.3896,-30.2901
AMT1_42,AMT1,16-10-1995,9499,100,100,-43.3896,-30.2901
AMT1_43,AMT1,17-10-1995,9504,7,7,-46.4154,-33.1801
AMT1_44,AMT1,17-10-1995,9506,40,40,-46.4154,-33.1801
AMT1_45,AMT1,22-10-1995,9539,7,7,-55.2599,-40.9514
AMT1_46,AMT1,22-10-1995,9541,40,40,-55.2599,-40.9514
AMT1_47,AMT1,23-10-1995,9547,7,7,-56.2836,-46.008
AMT1_48,AMT1,23-10-1995,9549,40,40,-56.2836,-46.008
AMT1_49,AMT1,24-10-1995,9560,7,7,-57.4196,-50.8081
AMT1_50,AMT1,24-10-1995,9561,30,30,-57.4196,-50.8081
AMT2_51,AMT2,23-04-1996,9580,7,7,-55.597,-47.5886
AMT2_52,AMT2,23-04-1996,9581,60,60,-55.597,-47.5886
AMT2_53,AMT2,24-04-1996,9584,7,7,-54.7414,-43.4254
AMT2_54,AMT2,24-04-1996,9585,30,30,-54.7414,-43.4254
AMT2_55,AMT2,25-04-1996,9586,7,7,-53.3096,-39.4045
AMT2_56,AMT2,25-04-1996,9589,50,50,-53.3096,-39.4045
AMT2_57,AMT2,29-04-1996,9590,7,7,-49.8114,-36.0588
AMT2_58,AMT2,29-04-1996,9591,80,80,-49.8114,-36.0588
AMT2_59,AMT2,30-04-1996,9594,7,7,-46.6136,-33.3946
AMT2_60,AMT2,30-04-1996,9595,70,70,-46.6136,-33.3946
AMT2_61,AMT2,01-05-1996,9598,7,7,-43.4269,-30.31
AMT2_62,AMT2,01-05-1996,9599,110,110,-43.4269,-30.31
AMT2_63,AMT2,02-05-1996,9602,7,7,-40.7161,-27.6196
AMT2_64,AMT2,02-05-1996,9603,80,80,-40.7161,-27.6196
AMT2_65,AMT2,03-05-1996,9606,7,7,-37.8635,-24.3494
AMT2_66,AMT2,03-05-1996,9607,100,100,-37.8635,-24.3494
AMT2_67,AMT2,04-05-1996,9610,7,7,-35.5309,-19.9084
AMT2_68,AMT2,04-05-1996,9613,80,80,-35.5309,-19.9084
AMT2_69,AMT2,05-05-1996,9614,7,7,-33.3054,-15.1714
AMT2_70,AMT2,05-05-1996,9615,150,150,-33.3054,-15.1714
AMT2_71,AMT2,06-05-1996,9618,7,7,-31.4648,-11.2464
AMT2_72,AMT2,06-05-1996,9619,70,70,-31.4648,-11.2464
AMT2_73,AMT2,06-05-1996,9620,130,130,-31.4648,-11.2464
AMT2_74,AMT2,07-05-1996,9624,7,7,-29.7628,-7.4763
AMT2_75,AMT2,07-05-1996,9628,30,30,-29.7628,-7.4763
AMT2_76,AMT2,07-05-1996,9625,100,100,-29.7628,-7.4763
AMT2_77,AMT2,08-05-1996,9630,7,7,-28.2124,-3.9165
AMT2_78,AMT2,08-05-1996,9631,60,60,-28.2124,-3.9165
AMT2_79,AMT2,09-05-1996,9634,7,7,-26.3851,-0.1951
AMT2_80,AMT2,09-05-1996,9635,40,40,-26.3851,-0.1951
AMT2_81,AMT2,09-05-1996,9636,70,70,-26.3851,-0.1951
AMT2_82,AMT2,10-05-1996,9640,7,7,-24.8052,3.4015
AMT2_83,AMT2,10-05-1996,9641,60,60,-24.8052,3.4015
AMT2_84,AMT2,11-05-1996,9644,7,7,-22.9468,7.5785
AMT2_85,AMT2,11-05-1996,9645,50,50,-22.9468,7.5785
AMT2_86,AMT2,12-05-1996,9648,7,7,-21.0588,11.7404
AMT2_87,AMT2,12-05-1996,9649,40,40,-21.0588,11.7404
AMT2_88,AMT2,14-05-1996,9652,7,7,-21.4735,21.7646
AMT2_89,AMT2,14-05-1996,9653,70,70,-21.4735,21.7646
AMT2_90,AMT2,15-05-1996,9656,7,7,-21.7865,26.5409
AMT2_91,AMT2,15-05-1996,9657,90,90,-21.7865,26.5409
AMT2_92,AMT2,16-05-1996,9660,7,7,-21.2587,30.9106
AMT2_93,AMT2,16-05-1996,9661,80,80,-21.2587,30.9106
AMT2_94,AMT2,17-05-1996,9664,7,7,-20.4248,35.6675
AMT2_95,AMT2,17-05-1996,9665,60,60,-20.4248,35.6675
AMT2_96,AMT2,18-05-1996,9668,7,7,-19.9964,39.8961
AMT2_97,AMT2,18-05-1996,9669,40,40,-19.9964,39.8961
AMT2_98,AMT2,19-05-1996,9672,7,7,-20.0239,44.1269
AMT2_99,AMT2,19-05-1996,9673,50,50,-20.0239,44.1269
AMT2_100,AMT2,20-05-1996,9676,7,7,-14.062,46.4879
AMT2_101,AMT2,20-05-1996,9677,20,20,-14.062,46.4879
AMT2_102,AMT2,21-05-1996,9680,7,7,-8.0992,48.7466
AMT2_103,AMT2,21-05-1996,9681,30,30,-8.0992,48.7466
AMT3_104,AMT3,24-09-1996,9643,7,7,-18.184,47.3563
AMT3_105,AMT3,24-09-1996,9645,40,40,-18.184,47.3563
AMT3_106,AMT3,25-09-1996,9647,7,7,-19.992,42.903
AMT3_107,AMT3,25-09-1996,9649,40,40,-19.992,42.903
AMT3_108,AMT3,26-09-1996,9651,7,7,-20.0155,38.1715
AMT3_109,AMT3,26-09-1996,9653,40,40,-20.0155,38.1715
AMT3_110,AMT3,26-09-1996,9655,80,80,-20.0155,38.1715
AMT3_111,AMT3,27-09-1996,9657,7,7,-21.2575,34.0365
AMT3_112,AMT3,27-09-1996,9659,80,80,-21.2575,34.0365
AMT3_113,AMT3,28-09-1996,9661,7,7,-21.8104,29.4997
AMT3_114,AMT3,28-09-1996,9663,110,110,-21.8104,29.4997
AMT3_115,AMT3,29-09-1996,9665,7,7,-21.4077,24.6837
AMT3_116,AMT3,29-09-1996,9667,40,40,-21.4077,24.6837
AMT3_117,AMT3,29-09-1996,9669,90,90,-21.4077,24.6837
AMT3_118,AMT3,30-09-1996,9671,7,7,-20.6478,20.0864
AMT3_119,AMT3,30-09-1996,9673,20,20,-20.6478,20.0864
AMT3_120,AMT3,30-09-1996,9675,40,40,-20.6478,20.0864
AMT3_121,AMT3,02-10-1996,9677,7,7,-20.5364,12.766
AMT3_122,AMT3,02-10-1996,9679,20,20,-20.5364,12.766
AMT3_123,AMT3,02-10-1996,9681,40,40,-20.5364,12.766
AMT3_124,AMT3,03-10-1996,9683,7,7,-22.2774,9.0621
AMT3_125,AMT3,03-10-1996,9685,30,30,-22.2774,9.0621
AMT3_126,AMT3,03-10-1996,9687,50,50,-22.2774,9.0621
AMT3_127,AMT3,04-10-1996,9689,7,7,-24.0138,5.1763
AMT3_128,AMT3,04-10-1996,9691,40,40,-24.0138,5.1763
AMT3_129,AMT3,04-10-1996,9693,70,70,-24.0138,5.1763
AMT3_130,AMT3,05-10-1996,9695,7,7,-25.7758,1.3067
AMT3_131,AMT3,05-10-1996,9697,40,40,-25.7758,1.3067
AMT3_132,AMT3,05-10-1996,9701,50,50,-25.7758,1.3067
AMT3_133,AMT3,05-10-1996,9703,70,70,-25.7758,1.3067
AMT3_134,AMT3,05-10-1996,9699,80,80,-25.7758,1.3067
AMT3_135,AMT3,05-10-1996,9705,100,100,-25.7758,1.3067
AMT3_136,AMT3,06-10-1996,9707,7,7,-27.4529,-2.3717
AMT3_137,AMT3,06-10-1996,9709,40,40,-27.4529,-2.3717
AMT3_138,AMT3,06-10-1996,9711,85,85,-27.4529,-2.3717
AMT3_139,AMT3,07-10-1996,9713,7,7,-29.2694,-6.4773
AMT3_140,AMT3,07-10-1996,9715,50,50,-29.2694,-6.4773
AMT3_141,AMT3,07-10-1996,9717,110,110,-29.2694,-6.4773
AMT3_142,AMT3,08-10-1996,9719,7,7,-31.2473,-10.7686
AMT3_143,AMT3,08-10-1996,9721,75,75,-31.2473,-10.7686
AMT3_144,AMT3,08-10-1996,9723,130,130,-31.2473,-10.7686
AMT3_145,AMT3,09-10-1996,9725,7,7,-33.1213,-14.8892
AMT3_146,AMT3,09-10-1996,9727,60,60,-33.1213,-14.8892
AMT3_147,AMT3,09-10-1996,9729,140,140,-33.1213,-14.8892
AMT3_148,AMT3,10-10-1996,9731,7,7,-35.0487,-18.8563
AMT3_149,AMT3,10-10-1996,9737,50,50,-35.0487,-18.8563
AMT3_150,AMT3,10-10-1996,9733,75,75,-35.0487,-18.8563
AMT3_151,AMT3,10-10-1996,9739,100,100,-35.0487,-18.8563
AMT3_152,AMT3,10-10-1996,9735,125,125,-35.0487,-18.8563
AMT3_153,AMT3,10-10-1996,9741,140,140,-35.0487,-18.8563
AMT3_154,AMT3,11-10-1996,9743,7,7,-36.962,-22.9106
AMT3_155,AMT3,11-10-1996,9745,60,60,-36.962,-22.9106
AMT3_156,AMT3,11-10-1996,9747,100,100,-36.962,-22.9106
AMT3_157,AMT3,12-10-1996,9749,7,7,-39.5997,-26.6159
AMT3_158,AMT3,12-10-1996,9751,95,95,-39.5997,-26.6159
AMT3_159,AMT3,13-10-1996,9753,7,7,-42.9168,-29.8601
AMT3_160,AMT3,13-10-1996,9755,50,50,-42.9168,-29.8601
AMT3_161,AMT3,13-10-1996,9757,90,90,-42.9168,-29.8601
AMT3_162,AMT3,14-10-1996,9759,7,7,-46.1171,-32.791
AMT3_163,AMT3,14-10-1996,9761,40,40,-46.1171,-32.791
AMT3_164,AMT3,14-10-1996,9763,60,60,-46.1171,-32.791
AMT3_165,AMT3,15-10-1996,9765,7,7,-49.6219,-35.716
AMT3_166,AMT3,15-10-1996,9767,30,30,-49.6219,-35.716
AMT3_167,AMT3,15-10-1996,9769,50,50,-49.6219,-35.716
AMT3_168,AMT3,16-10-1996,9771,7,7,-52.1891,-37.8131
AMT3_169,AMT3,16-10-1996,9773,40,40,-52.1891,-37.8131
AMT3_170,AMT3,16-10-1996,9775,60,60,-52.1891,-37.8131
AMT3_171,AMT3,23-10-1996,9777,7,7,-55,-43.5687
AMT3_172,AMT3,23-10-1996,9779,30,30,-55,-43.5687
AMT3_173,AMT3,23-10-1996,9781,50,50,-55,-43.5687
AMT3_174,AMT3,24-10-1996,9783,7,7,-55.8721,-48.0038
AMT3_175,AMT3,24-10-1996,9785,40,40,-55.8721,-48.0038
AMT3_176,AMT3,24-10-1996,9787,80,80,-55.8721,-48.0038
AMT3_177,AMT3,25-10-1996,7989,7,7,-57.8948,-51.9314
AMT3_178,AMT3,25-10-1996,9793,20,20,-57.8948,-51.9314
AMT3_179,AMT3,25-10-1996,9791,40,40,-57.8948,-51.9314
AMT4_180,AMT4,21-04-1997,1,7,7,-57.2881,-50.9916
AMT4_181,AMT4,21-04-1997,2,80,80,-57.2881,-50.9916
AMT4_182,AMT4,22-04-1997,3,7,7,-55.9421,-47.6209
AMT4_183,AMT4,22-04-1997,4,50,50,-55.9421,-47.6209
AMT4_184,AMT4,23-04-1997,5,7,7,-54.4026,-43.4812
AMT4_185,AMT4,23-04-1997,6,50,50,-54.4026,-43.4812
AMT4_186,AMT4,30-04-1997,7,7,7,-49.8181,-35.6517
AMT4_187,AMT4,30-04-1997,8,20,20,-49.8181,-35.6517
AMT4_188,AMT4,01-05-1997,9,7,7,-46.1945,-32.608
AMT4_189,AMT4,01-05-1997,10,50,50,-46.1945,-32.608
AMT4_190,AMT4,02-05-1997,11,7,7,-42.6499,-29.3281
AMT4_191,AMT4,02-05-1997,12,80,80,-42.6499,-29.3281
AMT4_192,AMT4,03-05-1997,13,7,7,-39.1871,-26.1029
AMT4_193,AMT4,03-05-1997,14,80,80,-39.1871,-26.1029
AMT4_194,AMT4,04-05-1997,15,7,7,-36.6299,-22.1545
AMT4_195,AMT4,04-05-1997,16,110,110,-36.6299,-22.1545
AMT4_196,AMT4,05-05-1997,17,7,7,-34.7646,-18.2723
AMT4_197,AMT4,05-05-1997,18,40,40,-34.7646,-18.2723
AMT4_198,AMT4,06-05-1997,19,7,7,-32.855,-14.1082
AMT4_199,AMT4,06-05-1997,20,130,130,-32.855,-14.1082
AMT4_200,AMT4,07-05-1997,21,7,7,-30.9468,-10.0303
AMT4_201,AMT4,07-05-1997,22,120,120,-30.9468,-10.0303
AMT4_202,AMT4,08-05-1997,23,7,7,-29.1212,-5.9151
AMT4_203,AMT4,08-05-1997,24,110,110,-29.1212,-5.9151
AMT4_204,AMT4,09-05-1997,25,7,7,-27.3388,-2.0159
AMT4_205,AMT4,09-05-1997,26,70,70,-27.3388,-2.0159
AMT4_206,AMT4,10-05-1997,27,7,7,-25.6283,1.8985
AMT4_207,AMT4,10-05-1997,28,72,72,-25.6283,1.8985
AMT4_208,AMT4,11-05-1997,29,7,7,-23.6346,6.0823
AMT4_209,AMT4,11-05-1997,30,40,40,-23.6346,6.0823
AMT4_210,AMT4,12-05-1997,31,7,7,-21.0911,11.7395
AMT4_211,AMT4,12-05-1997,32,60,60,-21.0911,11.7395
AMT4_212,AMT4,13-05-1997,33,7,7,-21.0081,13.7987
AMT4_213,AMT4,13-05-1997,34,30,30,-21.0081,13.7987
AMT4_214,AMT4,14-05-1997,35,7,7,-21.2207,17.7888
AMT4_215,AMT4,14-05-1997,36,60,60,-21.2207,17.7888
AMT4_216,AMT4,15-05-1997,37,7,7,-21.7094,24.1693
AMT4_217,AMT4,15-05-1997,38,40,40,-21.7094,24.1693
AMT4_218,AMT4,16-05-1997,39,7,7,-21.9679,27.958
AMT4_219,AMT4,16-05-1997,40,80,80,-21.9679,27.958
AMT4_220,AMT4,17-05-1997,41,7,7,-21.5604,31.8029
AMT4_221,AMT4,17-05-1997,NA,NA,NA,-21.5604,31.8029
AMT4_222,AMT4,18-05-1997,42,7,7,-21.1,34.6108
AMT4_223,AMT4,18-05-1997,43,90,90,-21.1,34.6108
AMT4_224,AMT4,19-05-1997,NA,7,7,-20.1685,37.8122
AMT4_225,AMT4,19-05-1997,44,80,80,-20.1685,37.8122
AMT4_226,AMT4,20-05-1997,45,7,7,-20.0076,39.8675
AMT4_227,AMT4,20-05-1997,46,50,50,-20.0076,39.8675
AMT4_228,AMT4,21-05-1997,NA,7,7,-19.971800000000002,43.967
AMT4_229,AMT4,21-05-1997,47,25,25,-19.971800000000002,43.967
AMT4_230,AMT4,22-05-1997,NA,NA,NA,-20.0048,47.0055
AMT4_231,AMT4,22-05-1997,48,15,15,-20.0048,47.0055
AMT4_232,AMT4,23-05-1997,49,7,7,-13.9729,48.0569
AMT4_233,AMT4,23-05-1997,50,20,20,-13.9729,48.0569
AMT5_234,AMT5,18-09-1997,1,2,2,-13.2051,47.9838
AMT5_235,AMT5,18-09-1997,1,40,40,-13.2051,47.9838
AMT5_236,AMT5,19-09-1997,1,2,2,-18.4766,47.1706
AMT5_237,AMT5,19-09-1997,1,50,50,-18.4766,47.1706
AMT5_238,AMT5,20-09-1997,1,2,2,-19.9591,42.8441
AMT5_239,AMT5,20-09-1997,1,40,40,-19.9591,42.8441
AMT5_240,AMT5,21-09-1997,1,2,2,-20.0117,38.7164
AMT5_241,AMT5,21-09-1997,1,80,80,-20.0117,38.7164
AMT5_242,AMT5,22-09-1997,1,2,2,-19.5234,35.4451
AMT5_243,AMT5,22-09-1997,1,85,85,-19.5234,35.4451
AMT5_244,AMT5,25-09-1997,1,2,2,-17.2211,32.3111
AMT5_245,AMT5,25-09-1997,1,75,75,-17.2211,32.3111
AMT5_246,AMT5,26-09-1997,1,2,2,-20.9709,29.0491
AMT5_247,AMT5,26-09-1997,1,120,120,-20.9709,29.0491
AMT5_248,AMT5,27-09-1997,1,2,2,-20.9993,24.1385
AMT5_249,AMT5,27-09-1997,1,90,90,-20.9993,24.1385
AMT5_250,AMT5,28-09-1997,1,2,2,-20.5295,19.7245
AMT5_251,AMT5,28-09-1997,1,30,30,-20.5295,19.7245
AMT5_252,AMT5,29-09-1997,1,2,2,NA,NA
AMT5_253,AMT5,29-09-1997,1,40,40,NA,NA
AMT5_254,AMT5,30-09-1997,1,2,2,-20.8704,10.923
AMT5_255,AMT5,30-09-1997,1,48,48,-20.8704,10.923
AMT5_256,AMT5,01-10-1997,1,2,2,-22.4694,7.027
AMT5_257,AMT5,01-10-1997,1,75,75,-22.4694,7.027
AMT5_258,AMT5,02-10-1997,1,2,2,-24.164,2.8155
AMT5_259,AMT5,02-10-1997,1,60,60,-24.164,2.8155
AMT5_260,AMT5,03-10-1997,1,2,2,-25.6632,-0.7727
AMT5_261,AMT5,03-10-1997,1,83,83,-25.6632,-0.7727
AMT5_262,AMT5,05-10-1997,1,2,2,-29.1149,-8.9671
AMT5_263,AMT5,05-10-1997,1,120,120,-29.1149,-8.9671
AMT5_264,AMT5,06-10-1997,1,2,2,-30.705,-12.8768
AMT5_265,AMT5,06-10-1997,1,150,150,-30.705,-12.8768
AMT5_266,AMT5,07-10-1997,1,2,2,-32.3625,-16.6857
AMT5_267,AMT5,07-10-1997,1,140,140,-32.3625,-16.6857
AMT5_268,AMT5,08-10-1997,1,2,2,-34.2247,-20.6622
AMT5_269,AMT5,08-10-1997,1,135,135,-34.2247,-20.6622
AMT5_270,AMT5,09-10-1997,1,2,2,-37.287,-23.9023
AMT5_271,AMT5,09-10-1997,1,110,110,-37.287,-23.9023
AMT5_272,AMT5,10-10-1997,1,2,2,-40.9806,-27.6914
AMT5_273,AMT5,10-10-1997,1,35,35,-40.9806,-27.6914
AMT5_274,AMT5,12-10-1997,1,2,2,-48.8613,-35.4846
AMT5_275,AMT5,12-10-1997,1,35,35,-48.8613,-35.4846
AMT5_276,AMT5,13-10-1997,1,2,2,-51.9136,-38.8359
AMT5_277,AMT5,13-10-1997,1,25,25,-51.9136,-38.8359
AMT5_278,AMT5,14-10-1997,1,2,2,-54.8698,-42.8105
AMT5_279,AMT5,14-10-1997,1,25,25,-54.8698,-42.8105
AMT5_280,AMT5,15-10-1997,1,2,2,-56.7502,-46.5429
AMT5_281,AMT5,15-10-1997,1,35,35,-56.7502,-46.5429
AMT6_282,AMT6,16-05-1998,1,7,7,17.8662,-32.0579
AMT6_283,AMT6,17-05-1998,1,7,7,16.2506,-29.3643
AMT6_284,AMT6,18-05-1998,1,4,4,13.4974,-26.6942
AMT6_285,AMT6,22-05-1998,1,7,7,14.1052,-24.2755
AMT6_286,AMT6,22-05-1998,1,15,15,14.1052,-24.2755
AMT6_287,AMT6,23-05-1998,1,7,7,12.1012,-21.3984
AMT6_288,AMT6,23-05-1998,1,NA,NA,12.1012,-21.3984
AMT6_289,AMT6,24-05-1998,1,7,7,12.1514,-18.9082
AMT6_290,AMT6,25-05-1998,1,7,7,11.0724,-17.4391
AMT6_291,AMT6,31-05-1998,1,7,7,-8.8636,-0.0222
AMT6_292,AMT6,01-06-1998,1,7,7,-12.772,3.0743
AMT6_293,AMT6,02-06-1998,1,7,7,-16.0818,5.8624
AMT6_294,AMT6,06-06-1998,1,7,7,NA,NA
AMT6_295,AMT6,09-06-1998,1,7,7,NA,NA
AMT6_296,AMT6,11-06-1998,1,7,7,NA,NA
AMT6_297,AMT6,13-06-1998,1,7,7,NA,NA
AMT6_298,AMT6,13-06-1998,1,7,7,NA,NA
AMT6_299,AMT6,13-06-1998,1,7,7,NA,NA
AMT6_300,AMT6,23-05-1998,1,NA,NA,12.1012,-21.3984
AMT6_301,AMT6,23-05-1998,1,NA,NA,12.1012,-21.3984
AMT6_302,AMT6,23-05-1998,1,NA,NA,12.1012,-21.3984
AMT6_303,AMT6,06-06-1998,1,7,7,NA,NA
AMT6_304,AMT6,06-06-1998,1,NA,NA,NA,NA
AMT6_305,AMT6,06-06-1998,1,NA,NA,NA,NA
AMT6_306,AMT6,06-06-1998,1,NA,NA,NA,NA
AMT6_307,AMT6,06-06-1998,1,NA,NA,NA,NA
AMT6_308,AMT6,13-06-1998,1,NA,NA,NA,NA
AMT6_309,AMT6,13-06-1998,1,NA,NA,NA,NA
AMT6_310,AMT6,13-06-1998,1,NA,NA,NA,NA
AMT6_311,AMT6,13-06-1998,1,NA,NA,NA,NA
AMT6_312,AMT6,13-06-1998,1,NA,NA,NA,NA
Benguela_313,Benguela,15-10-2000,7428,20,20,11,-19.95
Benguela_314,Benguela,15-10-2000,7429,20,20,11.0666666667,-19.6
Benguela_315,Benguela,15-10-2000,7430,20,20,11.3666666667,-19.4833333333
Benguela_316,Benguela,16-10-2000,7432,2,2,11.6166666667,-19.2666666667
Benguela_317,Benguela,16-10-2000,7433,10,10,11.75,-19.1833333333
Benguela_318,Benguela,16-10-2000,7434,10,10,11.8666666667,-19.0333333333
Benguela_319,Benguela,16-10-2000,7435,10,10,12,-18.9166666667
Benguela_320,Benguela,17-10-2000,7436,10,10,12.1333333333,-18.8
Benguela_321,Benguela,17-10-2000,7437,10,10,12.2,-18.75
Benguela_322,Benguela,18-10-2000,7438,10,10,11.6166666667,-20.3333333333
Benguela_323,Benguela,18-10-2000,7439,20,20,11.7166666667,-20.2833333333
Benguela_324,Benguela,18-10-2000,7440,20,20,11.7833333333,-20.25
Benguela_325,Benguela,18-10-2000,7441,20,20,11.9,-20.2
Benguela_326,Benguela,19-10-2000,7442,20,20,12.2666666667,-20.0166666667
Benguela_327,Benguela,19-10-2000,7443,10,10,12.4166666667,-19.95
Benguela_328,Benguela,19-10-2000,7444,30,30,12.5833333333,-19.8666666667
Benguela_329,Benguela,19-10-2000,7445,2,2,12.7333333333,-19.8
Benguela_330,Benguela,21-10-2000,7447,20,20,12.25,-21.95
Benguela_331,Benguela,21-10-2000,7448,10,10,12.4,-21.8666666667
Benguela_332,Benguela,21-10-2000,7449,10,10,12.8666666667,-21.6166666667
Benguela_333,Benguela,21-10-2000,7450,10,10,13.0333333333,-21.5333333333
Benguela_334,Benguela,21-10-2000,7451,10,10,13.1833333333,-21.4666666667
Benguela_335,Benguela,21-10-2000,7452,10,10,13.35,-21.3833333333
Benguela_336,Benguela,21-10-2000,7453,10,10,13.5,-21.3
Benguela_337,Benguela,22-10-2000,7454,5,5,13.5833333333,-21.25
Benguela_338,Benguela,22-10-2000,7455,1,1,13.5833333333,-21.25
Benguela_339,Benguela,22-10-2000,7456,2,2,13.85,-21.75
Benguela_340,Benguela,24-10-2000,7458,2,2,12.75,-22.9833333333
Benguela_341,Benguela,24-10-2000,7459,10,10,12.95,-22.9833333333
Benguela_342,Benguela,24-10-2000,7460,10,10,13.5,-22.9833333333
Benguela_343,Benguela,24-10-2000,7461,10,10,13.6833333333,-23
Benguela_344,Benguela,24-10-2000,7462,10,10,13.8666666667,-22.9833333333
Benguela_345,Benguela,25-10-2000,7463,10,10,14.05,-22.9833333333
Benguela_346,Benguela,25-10-2000,7464,10,10,14.2166666667,-22.9833333333
Benguela_347,Benguela,25-10-2000,7465,2,2,14.3,-23
Benguela_348,Benguela,25-10-2000,7466,2,2,14.3666666667,-23
Benguela_349,Benguela,25-10-2000,7467.1,12,12,14.4,-23.75
Benguela_350,Benguela,25-10-2000,7468,24,24,14.1666666667,-24
Benguela_351,Benguela,25-10-2000,7469,2,2,14.3166666667,-24.25
Benguela_352,Benguela,25-10-2000,7470,12,12,14.3333333333,-24.2666666667
Benguela_353,Benguela,26-10-2000,7471,2,2,12.1,-25.4666666667
Benguela_354,Benguela,27-10-2000,7472,10,10,12.8166666667,-25.3333333333
Benguela_355,Benguela,27-10-2000,7473,20,20,13,-25.3
Benguela_356,Benguela,28-10-2000,7474,2,2,13.7333333333,-25.5833333333
Benguela_357,Benguela,28-10-2000,7475,10,10,13.9166666667,-25.15
Benguela_358,Benguela,28-10-2000,7476,10,10,14.1,-25.1166666667
Benguela_359,Benguela,28-10-2000,7477,2,2,14.2833333333,-25.0833333333
Benguela_360,Benguela,28-10-2000,7478,25,25,14.3,-25.1
Benguela_361,Benguela,28-10-2000,7479,14,14,14.4666666667,-25.05
Benguela_362,Benguela,28-10-2000,7480,2,2,14.65,-25.0166666667
Benguela_363,Benguela,28-10-2000,7481,7,7,14.6666666667,-25.0333333333
Benguela_364,Benguela,28-10-2000,7482,2,2,14.7333333333,-25
Benguela_365,Benguela,28-10-2000,7483,5,5,14.75,-25.0166666667
Benguela_366,Benguela,28-10-2000,7484,10,10,14.7666666667,-25.0333333333
l4_367,l4,12-10-1992,249,5,5,-4.217,50.25
l4_368,l4,26-10-1992,251,5,5,-4.217,50.25
l4_369,l4,03-11-1992,252,5,5,-4.217,50.25
l4_370,l4,10-11-1992,253,5,5,-4.217,50.25
l4_371,l4,16-11-1992,254,5,5,-4.217,50.25
l4_372,l4,08-12-1992,257,5,5,-4.217,50.25
l4_373,l4,14-12-1992,258,5,5,-4.217,50.25
l4_374,l4,04-01-1993,261,5,5,-4.217,50.25
l4_375,l4,18-01-1993,263,5,5,-4.217,50.25
l4_376,l4,25-01-1993,264,5,5,-4.217,50.25
l4_377,l4,01-02-1993,265,5,5,-4.217,50.25
l4_378,l4,08-02-1993,266,5,5,-4.217,50.25
l4_379,l4,15-02-1993,267,5,5,-4.217,50.25
l4_380,l4,22-02-1993,268,5,5,-4.217,50.25
l4_381,l4,01-03-1993,269,5,5,-4.217,50.25
l4_382,l4,08-03-1993,270,5,5,-4.217,50.25
l4_383,l4,15-03-1993,271,5,5,-4.217,50.25
l4_384,l4,23-03-1993,272,5,5,-4.217,50.25
l4_385,l4,13-04-1993,275,5,5,-4.217,50.25
l4_386,l4,19-04-1993,276,5,5,-4.217,50.25
l4_387,l4,26-04-1993,277,5,5,-4.217,50.25
l4_388,l4,04-05-1993,278,5,5,-4.217,50.25
l4_389,l4,10-05-1993,279,5,5,-4.217,50.25
l4_390,l4,18-05-1993,280,5,5,-4.217,50.25
l4_391,l4,02-06-1993,282,5,5,-4.217,50.25
l4_392,l4,08-06-1993,283,5,5,-4.217,50.25
l4_393,l4,14-06-1993,284,5,5,-4.217,50.25
l4_394,l4,21-06-1993,285,5,5,-4.217,50.25
l4_395,l4,28-06-1993,286,5,5,-4.217,50.25
l4_396,l4,05-07-1993,287,5,5,-4.217,50.25
l4_397,l4,12-07-1993,288,5,5,-4.217,50.25
l4_398,l4,19-07-1993,289,5,5,-4.217,50.25
l4_399,l4,26-07-1993,290,5,5,-4.217,50.25
l4_400,l4,02-08-1993,291,5,5,-4.217,50.25
l4_401,l4,12-08-1993,292,5,5,-4.217,50.25
l4_402,l4,19-08-1993,293,5,5,-4.217,50.25
l4_403,l4,23-08-1993,294,5,5,-4.217,50.25
l4_404,l4,31-08-1993,295,5,5,-4.217,50.25
l4_405,l4,06-09-1993,296,5,5,-4.217,50.25
l4_406,l4,27-09-1993,299,5,5,-4.217,50.25
l4_407,l4,07-10-1993,300,5,5,-4.217,50.25
l4_408,l4,11-10-1993,301,5,5,-4.217,50.25
l4_409,l4,19-10-1993,302,5,5,-4.217,50.25
l4_410,l4,01-11-1993,304,5,5,-4.217,50.25
l4_411,l4,08-11-1993,305,5,5,-4.217,50.25
l4_412,l4,15-11-1993,306,5,5,-4.217,50.25
l4_413,l4,30-11-1993,308,5,5,-4.217,50.25
l4_414,l4,06-12-1993,309,5,5,-4.217,50.25
l4_415,l4,14-12-1993,310,5,5,-4.217,50.25
l4_416,l4,04-01-1994,313,5,5,-4.217,50.25
l4_417,l4,17-01-1994,315,5,5,-4.217,50.25
l4_418,l4,31-01-1994,317,5,5,-4.217,50.25
l4_419,l4,07-02-1994,318,5,5,-4.217,50.25
l4_420,l4,15-02-1994,319,5,5,-4.217,50.25
l4_421,l4,23-02-1994,320,5,5,-4.217,50.25
l4_422,l4,28-02-1994,321,5,5,-4.217,50.25
l4_423,l4,11-03-1994,322,5,5,-4.217,50.25
l4_424,l4,14-03-1994,323,5,5,-4.217,50.25
l4_425,l4,21-03-1994,324,5,5,-4.217,50.25
l4_426,l4,29-03-1994,325,5,5,-4.217,50.25
l4_427,l4,11-04-1994,327,5,5,-4.217,50.25
l4_428,l4,18-04-1994,328,5,5,-4.217,50.25
l4_429,l4,26-04-1994,329,5,5,-4.217,50.25
l4_430,l4,04-05-1994,330,5,5,-4.217,50.25
l4_431,l4,10-05-1994,331,5,5,-4.217,50.25
l4_432,l4,16-05-1994,332,5,5,-4.217,50.25
l4_433,l4,23-05-1994,333,5,5,-4.217,50.25
l4_434,l4,01-06-1994,334,5,5,-4.217,50.25
l4_435,l4,06-06-1994,335,5,5,-4.217,50.25
l4_436,l4,13-06-1994,336,5,5,-4.217,50.25
l4_437,l4,20-06-1994,337,5,5,-4.217,50.25
l4_438,l4,27-06-1994,338,5,5,-4.217,50.25
l4_439,l4,04-07-1994,339,5,5,-4.217,50.25
l4_440,l4,14-07-1994,340,5,5,-4.217,50.25
l4_441,l4,19-07-1994,341,5,5,-4.217,50.25
l4_442,l4,01-08-1994,343,5,5,-4.217,50.25
l4_443,l4,08-08-1994,344,5,5,-4.217,50.25
l4_444,l4,15-08-1994,345,5,5,-4.217,50.25
l4_445,l4,22-08-1994,346,5,5,-4.217,50.25
l4_446,l4,30-08-1994,347,5,5,-4.217,50.25
l4_447,l4,05-09-1994,348,5,5,-4.217,50.25
l4_448,l4,12-09-1994,349,5,5,-4.217,50.25
l4_449,l4,19-09-1994,350,5,5,-4.217,50.25
l4_450,l4,26-09-1994,351,5,5,-4.217,50.25
l4_451,l4,11-06-1995,388,5,5,-4.217,50.25
l4_452,l4,19-06-1995,389,5,5,-4.217,50.25
l4_453,l4,26-06-1995,390,5,5,-4.217,50.25
l4_454,l4,03-07-1995,391,5,5,-4.217,50.25
l4_455,l4,07-07-1995,392,5,5,-4.217,50.25
l4_456,l4,17-07-1995,393,5,5,-4.217,50.25
l4_457,l4,24-07-1995,394,5,5,-4.217,50.25
l4_458,l4,31-07-1995,395,5,5,-4.217,50.25
l4_459,l4,07-08-1995,396,5,5,-4.217,50.25
l4_460,l4,14-08-1995,397,5,5,-4.217,50.25
l4_461,l4,21-08-1995,398,5,5,-4.217,50.25
l4_462,l4,29-08-1995,399,5,5,-4.217,50.25
l4_463,l4,04-09-1995,400,5,5,-4.217,50.25
l4_464,l4,11-09-1995,401,5,5,-4.217,50.25
l4_465,l4,18-09-1995,402,5,5,-4.217,50.25
l4_466,l4,27-09-1995,403,5,5,-4.217,50.25
l4_467,l4,02-10-1995,404,5,5,-4.217,50.25
l4_468,l4,09-10-1995,405,5,5,-4.217,50.25
l4_469,l4,16-10-1995,406,5,5,-4.217,50.25
l4_470,l4,23-10-1995,407,5,5,-4.217,50.25
l4_471,l4,30-10-1995,408,5,5,-4.217,50.25
l4_472,l4,06-11-1995,409,5,5,-4.217,50.25
l4_473,l4,13-11-1995,410,5,5,-4.217,50.25
l4_474,l4,22-11-1995,411,5,5,-4.217,50.25
l4_475,l4,04-12-1995,413,5,5,-4.217,50.25
l4_476,l4,11-12-1995,414,5,5,-4.217,50.25
l4_477,l4,10-01-1996,418,5,5,-4.217,50.25
l4_478,l4,15-01-1996,419,5,5,-4.217,50.25
l4_479,l4,22-01-1996,420,5,5,-4.217,50.25
l4_480,l4,30-01-1996,421,5,5,-4.217,50.25
l4_481,l4,06-02-1996,422,5,5,-4.217,50.25
l4_482,l4,19-02-1996,424,5,5,-4.217,50.25
l4_483,l4,26-02-1996,425,5,5,-4.217,50.25
l4_484,l4,05-03-1996,426,5,5,-4.217,50.25
l4_485,l4,11-03-1996,427,5,5,-4.217,50.25
l4_486,l4,19-03-1996,428,5,5,-4.217,50.25
l4_487,l4,25-03-1996,429,5,5,-4.217,50.25
l4_488,l4,01-04-1996,430,5,5,-4.217,50.25
l4_489,l4,11-04-1996,431,5,5,-4.217,50.25
l4_490,l4,16-04-1996,432,5,5,-4.217,50.25
l4_491,l4,22-04-1996,433,5,5,-4.217,50.25
l4_492,l4,29-04-1996,434,5,5,-4.217,50.25
l4_493,l4,07-05-1996,435,5,5,-4.217,50.25
l4_494,l4,13-05-1996,436,5,5,-4.217,50.25
l4_495,l4,20-05-1996,437,5,5,-4.217,50.25
l4_496,l4,29-05-1996,438,5,5,-4.217,50.25
l4_497,l4,04-06-1996,439,5,5,-4.217,50.25
l4_498,l4,10-06-1996,440,5,5,-4.217,50.25
l4_499,l4,17-06-1996,441,5,5,-4.217,50.25
l4_500,l4,24-06-1996,442,5,5,-4.217,50.25
l4_501,l4,02-07-1996,443,5,5,-4.217,50.25
l4_502,l4,08-07-1996,444,5,5,-4.217,50.25
l4_503,l4,15-07-1996,445,5,5,-4.217,50.25
l4_504,l4,22-07-1996,446,5,5,-4.217,50.25
l4_505,l4,29-07-1996,447,5,5,-4.217,50.25
l4_506,l4,07-08-1996,448,5,5,-4.217,50.25
l4_507,l4,12-08-1996,449,5,5,-4.217,50.25
l4_508,l4,20-08-1996,450,5,5,-4.217,50.25
l4_509,l4,27-08-1996,451,5,5,-4.217,50.25
l4_510,l4,02-09-1996,452,5,5,-4.217,50.25
l4_511,l4,09-09-1996,453,5,5,-4.217,50.25
l4_512,l4,23-09-1996,455,5,5,-4.217,50.25
l4_513,l4,30-09-1996,456,5,5,-4.217,50.25
l4_514,l4,07-10-1996,457,5,5,-4.217,50.25
l4_515,l4,14-10-1996,458,5,5,-4.217,50.25
l4_516,l4,21-10-1996,459,5,5,-4.217,50.25
l4_517,l4,30-10-1996,460,5,5,-4.217,50.25
l4_518,l4,04-11-1996,461,5,5,-4.217,50.25
l4_519,l4,11-11-1996,462,5,5,-4.217,50.25
l4_520,l4,18-11-1996,463,5,5,-4.217,50.25
l4_521,l4,25-11-1996,464,5,5,-4.217,50.25
l4_522,l4,02-12-1996,465,5,5,-4.217,50.25
l4_523,l4,09-12-1996,466,5,5,-4.217,50.25
l4_524,l4,15-12-1996,467,5,5,-4.217,50.25
l4_525,l4,06-01-1997,469,5,5,-4.217,50.25
l4_526,l4,13-01-1997,470,5,5,-4.217,50.25
l4_527,l4,20-01-1997,471,5,5,-4.217,50.25
l4_528,l4,03-02-1997,473,5,5,-4.217,50.25
l4_529,l4,27-02-1997,476,5,5,-4.217,50.25
l4_530,l4,03-03-1997,477,5,5,-4.217,50.25
l4_531,l4,10-03-1997,478,5,5,-4.217,50.25
l4_532,l4,17-03-1997,479,5,5,-4.217,50.25
l4_533,l4,23-03-1997,480,5,5,-4.217,50.25
l4_534,l4,01-04-1997,481,5,5,-4.217,50.25
l4_535,l4,07-04-1997,482,5,5,-4.217,50.25
l4_536,l4,14-04-1997,483,5,5,-4.217,50.25
l4_537,l4,21-04-1997,484,5,5,-4.217,50.25
l4_538,l4,28-04-1997,485,5,5,-4.217,50.25
l4_539,l4,06-05-1997,486,5,5,-4.217,50.25
l4_540,l4,19-05-1997,488,5,5,-4.217,50.25
l4_541,l4,28-05-1997,489,5,5,-4.217,50.25
l4_542,l4,03-06-1997,490,5,5,-4.217,50.25
l4_543,l4,09-06-1997,491,5,5,-4.217,50.25
l4_544,l4,16-06-1997,492,5,5,-4.217,50.25
l4_545,l4,23-06-1997,493,5,5,-4.217,50.25
l4_546,l4,30-06-1997,494,5,5,-4.217,50.25
l4_547,l4,07-07-1997,495,5,5,-4.217,50.25
l4_548,l4,14-07-1997,496,5,5,-4.217,50.25
l4_549,l4,21-07-1997,497,5,5,-4.217,50.25
l4_550,l4,28-07-1997,498,5,5,-4.217,50.25
l4_551,l4,04-08-1997,499,5,5,-4.217,50.25
l4_552,l4,11-08-1997,500,5,5,-4.217,50.25
l4_553,l4,18-08-1997,501,5,5,-4.217,50.25
l4_554,l4,26-08-1997,502,5,5,-4.217,50.25
l4_555,l4,01-09-1997,503,5,5,-4.217,50.25
l4_556,l4,08-09-1997,504,5,5,-4.217,50.25
l4_557,l4,15-09-1997,505,5,5,-4.217,50.25
l4_558,l4,22-09-1997,506,5,5,-4.217,50.25
l4_559,l4,29-09-1997,507,5,5,-4.217,50.25
l4_560,l4,06-10-1997,508,5,5,-4.217,50.25
l4_561,l4,13-10-1997,509,5,5,-4.217,50.25
l4_562,l4,10-11-1997,513,5,5,-4.217,50.25
l4_563,l4,20-11-1997,514,5,5,-4.217,50.25
l4_564,l4,25-11-1997,515,5,5,-4.217,50.25
l4_565,l4,01-12-1997,516,5,5,-4.217,50.25
l4_566,l4,10-12-1997,518,5,5,-4.217,50.25
l4_567,l4,17-12-1997,519,5,5,-4.217,50.25
l4_568,l4,12-01-1998,522,5,5,-4.217,50.25
l4_569,l4,19-01-1998,523,5,5,-4.217,50.25
l4_570,l4,26-01-1998,524,5,5,-4.217,50.25
l4_571,l4,02-02-1998,525,5,5,-4.217,50.25
l4_572,l4,09-02-1998,526,5,5,-4.217,50.25
l4_573,l4,23-02-1998,528,5,5,-4.217,50.25
l4_574,l4,02-03-1998,529,5,5,-4.217,50.25
l4_575,l4,16-03-1998,531,5,5,-4.217,50.25
l4_576,l4,23-03-1998,532,5,5,-4.217,50.25
l4_577,l4,30-03-1998,533,5,5,-4.217,50.25
l4_578,l4,06-04-1998,534,5,5,-4.217,50.25
l4_579,l4,14-04-1998,535,5,5,-4.217,50.25
l4_580,l4,20-04-1998,536,5,5,-4.217,50.25
l4_581,l4,27-04-1998,537,5,5,-4.217,50.25
l4_582,l4,07-05-1998,538,5,5,-4.217,50.25
l4_583,l4,11-05-1998,539,5,5,-4.217,50.25
l4_584,l4,18-05-1998,540,5,5,-4.217,50.25
l4_585,l4,27-05-1998,541,5,5,-4.217,50.25
l4_586,l4,01-06-1998,542,5,5,-4.217,50.25
l4_587,l4,18-06-1998,544,5,5,-4.217,50.25
l4_588,l4,22-06-1998,545,5,5,-4.217,50.25
l4_589,l4,06-07-1998,547,5,5,-4.217,50.25
l4_590,l4,13-07-1998,548,5,5,-4.217,50.25
l4_591,l4,20-07-1998,549,5,5,-4.217,50.25
l4_592,l4,27-07-1998,550,5,5,-4.217,50.25
l4_593,l4,03-08-1998,551,5,5,-4.217,50.25
l4_594,l4,10-08-1998,552,5,5,-4.217,50.25
l4_595,l4,24-08-1998,554,5,5,-4.217,50.25
l4_596,l4,08-08-1998,556,5,5,-4.217,50.25
l4_597,l4,28-09-1998,559,5,5,-4.217,50.25
l4_598,l4,05-10-1998,560,5,5,-4.217,50.25
l4_599,l4,12-10-1998,561,5,5,-4.217,50.25
l4_600,l4,19-10-1998,562,5,5,-4.217,50.25
l4_601,l4,10-11-1998,565,5,5,-4.217,50.25
l4_602,l4,16-11-1998,566,5,5,-4.217,50.25
l4_603,l4,23-11-1998,567,5,5,-4.217,50.25
l4_604,l4,30-11-1998,568,5,5,-4.217,50.25
l4_605,l4,07-12-1998,569,5,5,-4.217,50.25
l4_606,l4,15-12-1998,570,5,5,-4.217,50.25
l4_607,l4,21-12-1998,571,5,5,-4.217,50.25
l4_608,l4,05-01-1999,573,5,5,-4.217,50.25
l4_609,l4,11-01-1999,574,5,5,-4.217,50.25
l4_610,l4,20-01-1999,575,5,5,-4.217,50.25
l4_611,l4,26-01-1999,576,5,5,-4.217,50.25
l4_612,l4,01-02-1999,577,5,5,-4.217,50.25
l4_613,l4,08-02-1999,578,5,5,-4.217,50.25
l4_614,l4,15-02-1999,579,5,5,-4.217,50.25
l4_615,l4,22-02-1999,580,5,5,-4.217,50.25
l4_616,l4,08-03-1999,582,5,5,-4.217,50.25
l4_617,l4,15-03-1999,583,5,5,-4.217,50.25
l4_618,l4,22-03-1999,584,5,5,-4.217,50.25
l4_619,l4,29-03-1999,585,5,5,-4.217,50.25
l4_620,l4,06-04-1999,586,5,5,-4.217,50.25
l4_621,l4,12-04-1999,587,5,5,-4.217,50.25
l4_622,l4,19-04-1999,588,5,5,-4.217,50.25
l4_623,l4,26-04-1999,589,5,5,-4.217,50.25
l4_624,l4,04-05-1999,590,5,5,-4.217,50.25
l4_625,l4,10-05-1999,591,5,5,-4.217,50.25
l4_626,l4,17-05-1999,592,5,5,-4.217,50.25
l4_627,l4,26-05-1999,593,5,5,-4.217,50.25
l4_628,l4,02-06-1999,594,5,5,-4.217,50.25
l4_629,l4,07-06-1999,595,5,5,-4.217,50.25
l4_630,l4,14-06-1999,596,5,5,-4.217,50.25
l4_631,l4,21-06-1999,597,5,5,-4.217,50.25
l4_632,l4,05-07-1999,599,5,5,-4.217,50.25
l4_633,l4,12-07-1999,600,5,5,-4.217,50.25
l4_634,l4,19-07-1999,601,5,5,-4.217,50.25
l4_635,l4,26-07-1999,602,5,5,-4.217,50.25
l4_636,l4,02-08-1999,603,5,5,-4.217,50.25
l4_637,l4,09-08-1999,604,5,5,-4.217,50.25
l4_638,l4,16-08-1999,605,5,5,-4.217,50.25
l4_639,l4,23-08-1999,606,5,5,-4.217,50.25
l4_640,l4,01-09-1999,607,5,5,-4.217,50.25
l4_641,l4,06-09-1999,608,5,5,-4.217,50.25
l4_642,l4,13-09-1999,609,5,5,-4.217,50.25
l4_643,l4,20-09-1999,610,5,5,-4.217,50.25
l4_644,l4,04-10-1999,612,5,5,-4.217,50.25
l4_645,l4,11-10-1999,613,5,5,-4.217,50.25
l4_646,l4,25-10-1999,615,5,5,-4.217,50.25
l4_647,l4,03-11-1999,616,5,5,-4.217,50.25
l4_648,l4,08-11-1999,617,5,5,-4.217,50.25
l4_649,l4,15-11-1999,618,5,5,-4.217,50.25
l4_650,l4,22-11-1999,619,5,5,-4.217,50.25
l4_651,l4,29-11-1999,620,5,5,-4.217,50.25
l4_652,l4,07-12-1999,621,5,5,-4.217,50.25
l4_653,l4,14-12-1999,622,5,5,-4.217,50.25
l4_654,l4,04-01-2000,625,5,5,-4.217,50.25
l4_655,l4,09-01-2000,626,5,5,-4.217,50.25
l4_656,l4,17-01-2000,627,5,5,-4.217,50.25
l4_657,l4,24-01-2000,628,5,5,-4.217,50.25
l4_658,l4,02-02-2000,629,5,5,-4.217,50.25
l4_659,l4,14-02-2000,631,5,5,-4.217,50.25
l4_660,l4,21-02-2000,632,5,5,-4.217,50.25
l4_661,l4,28-02-2000,633,5,5,-4.217,50.25
l4_662,l4,13-03-2000,635,5,5,-4.217,50.25
l4_663,l4,20-03-2000,636,5,5,-4.217,50.25
l4_664,l4,27-03-2000,637,5,5,-4.217,50.25
l4_665,l4,03-04-2000,638,5,5,-4.217,50.25
l4_666,l4,11-04-2000,639,5,5,-4.217,50.25
l4_667,l4,27-04-2000,641,5,5,-4.217,50.25
l4_668,l4,03-05-2000,642,5,5,-4.217,50.25
l4_669,l4,08-05-2000,643,5,5,-4.217,50.25
l4_670,l4,15-05-2000,644,5,5,-4.217,50.25
l4_671,l4,22-05-2000,645,5,5,-4.217,50.25
l4_672,l4,31-05-2000,646,5,5,-4.217,50.25
l4_673,l4,05-06-2000,647,5,5,-4.217,50.25
l4_674,l4,12-06-2000,648,5,5,-4.217,50.25
l4_675,l4,19-06-2000,649,5,5,-4.217,50.25
l4_676,l4,26-06-2000,650,5,5,-4.217,50.25
l4_677,l4,03-07-2000,651,5,5,-4.217,50.25
l4_678,l4,10-07-2000,652,5,5,-4.217,50.25
l4_679,l4,17-07-2000,653,5,5,-4.217,50.25
l4_680,l4,24-07-2000,654,5,5,-4.217,50.25
l4_681,l4,08-08-2000,656,5,5,-4.217,50.25
l4_682,l4,27-08-2000,659,5,5,-4.217,50.25
l4_683,l4,04-09-2000,660,5,5,-4.217,50.25
l4_684,l4,11-09-2000,661,5,5,-4.217,50.25
l4_685,l4,20-09-2000,662,5,5,-4.217,50.25
l4_686,l4,16-10-2000,666,5,5,-4.217,50.25
l4_687,l4,26-10-2000,667,5,5,-4.217,50.25
l4_688,l4,06-11-2000,669,5,5,-4.217,50.25
l4_689,l4,13-11-2000,670,5,5,-4.217,50.25
l4_690,l4,20-11-2000,671,5,5,-4.217,50.25
l4_691,l4,18-12-2000,675,5,5,-4.217,50.25
l4_692,l4,16-01-2001,679,5,5,-4.217,50.25
l4_693,l4,29-01-2001,681,5,5,-4.217,50.25
l4_694,l4,08-02-2001,682,5,5,-4.217,50.25
l4_695,l4,13-02-2001,683,5,5,-4.217,50.25
l4_696,l4,19-02-2001,684,5,5,-4.217,50.25
l4_697,l4,27-02-2001,685,5,5,-4.217,50.25
l4_698,l4,05-03-2001,686,5,5,-4.217,50.25
l4_699,l4,12-03-2001,687,5,5,-4.217,50.25
l4_700,l4,02-04-2001,690,5,5,-4.217,50.25
l4_701,l4,09-04-2001,691,5,5,-4.217,50.25
l4_702,l4,18-04-2001,692,5,5,-4.217,50.25
l4_703,l4,23-04-2001,693,5,5,-4.217,50.25
l4_704,l4,30-04-2001,694,5,5,-4.217,50.25
l4_705,l4,09-05-2001,695,5,5,-4.217,50.25
l4_706,l4,14-05-2001,696,5,5,-4.217,50.25
l4_707,l4,21-05-2001,697,5,5,-4.217,50.25
l4_708,l4,30-05-2001,698,5,5,-4.217,50.25
l4_709,l4,04-06-2001,699,5,5,-4.217,50.25
l4_710,l4,11-06-2001,700,5,5,-4.217,50.25
l4_711,l4,25-06-2001,702,5,5,-4.217,50.25
l4_712,l4,02-07-2001,703,5,5,-4.217,50.25
l4_713,l4,09-07-2001,704,5,5,-4.217,50.25
l4_714,l4,16-07-2001,705,5,5,-4.217,50.25
l4_715,l4,23-07-2001,706,5,5,-4.217,50.25
l4_716,l4,30-07-2001,707,5,5,-4.217,50.25
l4_717,l4,06-08-2001,708,5,5,-4.217,50.25
l4_718,l4,13-08-2001,709,5,5,-4.217,50.25
l4_719,l4,20-08-2001,710,5,5,-4.217,50.25
l4_720,l4,03-09-2001,712,5,5,-4.217,50.25
l4_721,l4,10-09-2001,713,5,5,-4.217,50.25
l4_722,l4,17-09-2001,714,5,5,-4.217,50.25
l4_723,l4,24-09-2001,715,5,5,-4.217,50.25
l4_724,l4,09-10-2001,717,5,5,-4.217,50.25
l4_725,l4,22-10-2001,719,5,5,-4.217,50.25
l4_726,l4,29-10-2001,720,5,5,-4.217,50.25
Bergen_727,Bergen,06-06-2000,NA,NA,NA,5.167,60.283
Bergen_728,Bergen,08-06-2000,NA,NA,NA,5.167,60.283
Bergen_729,Bergen,10-06-2000,NA,NA,NA,5.167,60.283
Bergen_730,Bergen,12-06-2000,NA,NA,NA,5.167,60.283
Bergen_731,Bergen,14-06-2000,NA,NA,NA,5.167,60.283
Bergen_732,Bergen,16-06-2000,NA,NA,NA,5.167,60.283
Bergen_733,Bergen,18-06-2000,NA,NA,NA,5.167,60.283
Bergen_734,Bergen,20-06-2000,NA,NA,NA,5.167,60.283
Bergen_735,Bergen,22-06-2000,NA,NA,NA,5.167,60.283
Bergen_736,Bergen,24-06-2000,NA,NA,NA,5.167,60.283
Bergen_737,Bergen,06-06-2000,NA,NA,NA,5.167,60.283
Bergen_738,Bergen,08-06-2000,NA,NA,NA,5.167,60.283
Bergen_739,Bergen,10-06-2000,NA,NA,NA,5.167,60.283
Bergen_740,Bergen,12-06-2000,NA,NA,NA,5.167,60.283
Bergen_741,Bergen,14-06-2000,NA,NA,NA,5.167,60.283
Bergen_742,Bergen,16-06-2000,NA,NA,NA,5.167,60.283
Bergen_743,Bergen,18-06-2000,NA,NA,NA,5.167,60.283
Bergen_744,Bergen,20-06-2000,NA,NA,NA,5.167,60.283
Bergen_745,Bergen,22-06-2000,NA,NA,NA,5.167,60.283
Bergen_746,Bergen,24-06-2000,NA,NA,NA,5.167,60.283
Bergen_747,Bergen,06-06-2000,NA,NA,NA,5.167,60.283
Bergen_748,Bergen,08-06-2000,NA,NA,NA,5.167,60.283
Bergen_749,Bergen,10-06-2000,NA,NA,NA,5.167,60.283
Bergen_750,Bergen,12-06-2000,NA,NA,NA,5.167,60.283
Bergen_751,Bergen,14-06-2000,NA,NA,NA,5.167,60.283
Bergen_752,Bergen,16-06-2000,NA,NA,NA,5.167,60.283
Bergen_753,Bergen,18-06-2000,NA,NA,NA,5.167,60.283
Bergen_754,Bergen,20-06-2000,NA,NA,NA,5.167,60.283
Bergen_755,Bergen,22-06-2000,NA,NA,NA,5.167,60.283
Bergen_756,Bergen,24-06-2000,NA,NA,NA,5.167,60.283
Bergen_757,Bergen,06-06-2000,NA,NA,NA,5.167,60.283
Bergen_758,Bergen,08-06-2000,NA,NA,NA,5.167,60.283
Bergen_759,Bergen,10-06-2000,NA,NA,NA,5.167,60.283
Bergen_760,Bergen,12-06-2000,NA,NA,NA,5.167,60.283
Bergen_761,Bergen,14-06-2000,NA,NA,NA,5.167,60.283
Bergen_762,Bergen,16-06-2000,NA,NA,NA,5.167,60.283
Bergen_763,Bergen,18-06-2000,NA,NA,NA,5.167,60.283
Bergen_764,Bergen,20-06-2000,NA,NA,NA,5.167,60.283
Bergen_765,Bergen,22-06-2000,NA,NA,NA,5.167,60.283
Bergen_766,Bergen,24-06-2000,NA,NA,NA,5.167,60.283
Bergen_767,Bergen,21-06-2000,NA,NA,NA,5.167,60.283
Bergen_768,Bergen,22-06-2000,NA,NA,NA,5.167,60.283
Bergen_769,Bergen,23-06-2000,NA,NA,NA,5.167,60.283
Bergen_770,Bergen,21-06-2000,NA,NA,NA,5.167,60.283
Bergen_771,Bergen,22-06-2000,NA,NA,NA,5.167,60.283
Bergen_772,Bergen,23-06-2000,NA,NA,NA,5.167,60.283
Irmingen_773,Irmingen,22-05-2002,1,10,10,-25.434,61.16
Irmingen_774,Irmingen,11-05-2002,6,10,10,-37.493,63.744
Irmingen_775,Irmingen,16-05-2002,11,10,10,-33.607,65.338
Irmingen_776,Irmingen,17-05-2002,10,10,10,-32.506,64.96
Irmingen_777,Irmingen,18-05-2002,8,10,10,-31.492,64.181
Irmingen_778,Irmingen,19-05-2002,6,10,10,-30.406,63.286
Irmingen_779,Irmingen,20-05-2002,4,10,10,-29.25,62.65
Irmingen_780,Irmingen,21-05-2002,1,10,10,-27.046,61.686
LongIsland_781,LongIsland,05-02-2001,NA,8,8,-72.033,41.283
LongIsland_782,LongIsland,12-02-2001,NA,8,8,-72.033,41.283
LongIsland_783,LongIsland,19-02-2001,NA,8,8,-72.033,41.283
LongIsland_784,LongIsland,26-02-2001,NA,8,8,-72.033,41.283
LongIsland_785,LongIsland,12-03-2001,NA,8,8,-72.033,41.283
LongIsland_786,LongIsland,19-03-2001,NA,8,8,-72.033,41.283
LongIsland_787,LongIsland,26-03-2001,NA,8,8,-72.033,41.283
Norwegian_788,Norwegian,22-03-1997,NA,5,5,2,66
Norwegian_789,Norwegian,30-03-1997,NA,5,5,2,66
Norwegian_790,Norwegian,31-03-1997,NA,5,5,2,66
Norwegian_791,Norwegian,02-04-1997,NA,5,5,2,66
Norwegian_792,Norwegian,07-04-1997,NA,5,5,2,66
Norwegian_793,Norwegian,09-04-1997,NA,5,5,2,66
Norwegian_794,Norwegian,23-04-1997,NA,5,5,2,66
Norwegian_795,Norwegian,24-04-1997,NA,5,5,2,66
Norwegian_796,Norwegian,28-04-1997,NA,5,5,2,66
Norwegian_797,Norwegian,07-05-1997,NA,5,5,2,66
Norwegian_798,Norwegian,09-05-1997,NA,5,5,2,66
Norwegian_799,Norwegian,20-05-1997,NA,5,5,2,66
Norwegian_800,Norwegian,22-05-1997,NA,5,5,2,66
Norwegian_801,Norwegian,27-05-1997,NA,5,5,2,66
Norwegian_802,Norwegian,29-05-1997,NA,5,5,2,66
Norwegian_803,Norwegian,01-06-1997,NA,5,5,2,66
Norwegian_804,Norwegian,02-06-1997,NA,5,5,2,66
Norwegian_805,Norwegian,03-06-1997,NA,5,5,2,66
Norwegian_806,Norwegian,05-06-1997,NA,5,5,2,66
Oregon_807,Oregon,18-05-2001,5,5,5,-124.167,44.667
Oregon_808,Oregon,16-06-2001,5,5,5,-124.167,44.667
Oregon_809,Oregon,26-06-2001,5,5,5,-124.167,44.667
Oregon_810,Oregon,18-07-2001,5,5,5,-124.167,44.667
Oregon_811,Oregon,30-07-2001,5,5,5,-124.167,44.667
Oregon_812,Oregon,10-09-2001,5,5,5,-124.167,44.667
Oregon_813,Oregon,16-06-2001,15,5,5,-124.167,44.667
FISHES_814,FISHES,15-05-2001,14008,5,5,-15.95,62.473
FISHES_815,FISHES,15-05-2001,14007,5,5,-16.276,62.897
FISHES_816,FISHES,16-05-2001,14011,5,5,-15.219,61.648
FISHES_817,FISHES,28-05-2001,14084,5,5,-11.667,63.492
FISHES_818,FISHES,11-05-2001,13985,5,5,-21.292,63.088
FISHES_819,FISHES,13-05-2001,NA,5,5,-19.844,60.083
FISHES_820,FISHES,26-05-2001,14074,5,5,-10.284,65.013
FISHES_821,FISHES,17-05-2001,14016,5,5,-12.007,60.34
FISHES_822,FISHES,11-05-2001,13979,5,5,-22.138,62.88
FISHES_823,FISHES,14-05-2001,14003,5,5,-16.608,61.24
FISHES_824,FISHES,24-05-2001,14064,5,5,-8.389,63.54
FISHES_825,FISHES,24-05-2001,14063,5,5,-8.402,63.961
FISHES_826,FISHES,13-05-2001,13991,5,5,-21.328,60.652
FISHES_827,FISHES,11-05-2001,13986,5,5,-19.99,63.213
FISHES_828,FISHES,23-05-2001,14062,5,5,-8.376,63.118
FISHES_829,FISHES,14-05-2001,14002,5,5,-17.383,60.959
FISHES_830,FISHES,26-05-2001,14070,5,5,-11.896,63.324
FISHES_831,FISHES,25-05-2001,14065,5,5,-9.922,65.435
FISHES_832,FISHES,13-05-2001,13994,5,5,-19.988,60.49
FISHES_833,FISHES,25-05-2001,14069,5,5,-8.461,64.371
FISHES_834,FISHES,12-05-2001,13987,5,5,-25.504,61.987
FISHES_835,FISHES,13-05-2001,13988,5,5,-22.946,61.191
FISHES_836,FISHES,26-05-2001,14073,5,5,-11.474,63.762
FISHES_837,FISHES,11-05-2001,13978,5,5,-22.998,62.669
FISHES_838,FISHES,15-05-2001,NA,5,5,-15.95,62.473
NorthSea_839,NorthSea,06-07-1995,115,4.5,4.5,-1.933,55.763
NorthSea_840,NorthSea,07-04-1995,115,4.2,4.2,-1.587,55.912
NorthSea_841,NorthSea,14-10-1994,115,3.5,3.5,-1.336,55.534
NorthSea_842,NorthSea,05-07-1995,115,3.4,3.4,-1.317,54.934
NorthSea_843,NorthSea,06-04-1995,115,4.1,4.1,-1.308,54.931
NorthSea_844,NorthSea,10-04-1995,115,3.7,3.7,-1.107,54.699
NorthSea_845,NorthSea,10-06-1995,115,4.3,4.3,-1.07,55.494
NorthSea_846,NorthSea,11-06-1995,115,3.7,3.7,-1.031,55.206
NorthSea_847,NorthSea,13-10-1994,118,3.4,3.4,-0.722,54.572
NorthSea_848,NorthSea,15-10-1994,118,3.7,3.7,-0.312,54.754
NorthSea_849,NorthSea,04-07-1995,118,3.2,3.2,-0.155,54.201
NorthSea_850,NorthSea,05-04-1995,118,4,4,-0.032,53.856
NorthSea_851,NorthSea,08-07-1995,118,4.1,4.1,0.06,53.8
NorthSea_852,NorthSea,09-10-1994,118,3.8,3.8,0.143,53.829
NorthSea_853,NorthSea,10-10-1994,118,3.6,3.6,0.145,53.73
NorthSea_854,NorthSea,09-07-1995,118,4.9,4.9,0.174,53.636
NorthSea_855,NorthSea,08-04-1995,118,4.8,4.8,0.227,54.128
NorthSea_856,NorthSea,12-10-1994,118,3.9,3.9,0.227,53.743
NorthSea_857,NorthSea,07-07-1995,118,4.7,4.7,0.233,54.124
NorthSea_858,NorthSea,06-06-1995,118,3.8,3.8,0.299,53.966
NorthSea_859,NorthSea,04-06-1995,118,4.1,4.1,0.314,53.76
NorthSea_860,NorthSea,02-04-1995,119,4.6,4.6,0.36,53.309
NorthSea_861,NorthSea,11-07-1995,119,3.2,3.2,0.4,52.989
NorthSea_862,NorthSea,01-07-1995,119,3.1,3.1,0.413,53.324
NorthSea_863,NorthSea,06-06-1995,119,3.9,3.9,0.42,53.321
NorthSea_864,NorthSea,08-10-1994,119,3.6,3.6,0.422,53.957
NorthSea_865,NorthSea,11-04-1995,119,3.8,3.8,0.467,53.36
NorthSea_866,NorthSea,02-07-1995,119,4.6,4.6,0.651,53.251
NorthSea_867,NorthSea,02-04-1995,119,3.8,3.8,0.653,53.244
NorthSea_868,NorthSea,03-04-1995,119,3.7,3.7,0.656,53.252
NorthSea_869,NorthSea,07-06-1995,119,4.1,4.1,0.657,53.256
NorthSea_870,NorthSea,10-07-1995,119.1,4,4,0.657,53.73
NorthSea_871,NorthSea,08-06-1995,119.1,3.7,3.7,0.685,53.521
NorthSea_872,NorthSea,05-06-1995,119.1,3.9,3.9,0.702,53.314
NorthSea_873,NorthSea,02-07-1995,119.1,3,3,0.779,53.4
NorthSea_874,NorthSea,03-06-1995,119.1,4.1,4.1,0.86,53.632
NorthSea_875,NorthSea,11-10-1994,119.1,3.6,3.6,0.939,53.083
NorthSea_876,NorthSea,04-04-1995,119.1,3.8,3.8,0.959,53.656
NorthSea_877,NorthSea,01-07-1995,119.1,3.4,3.4,0.965,53.655
NorthSea_878,NorthSea,02-04-1995,119.1,4.6,4.6,0.986,53.081
NorthSea_879,NorthSea,02-04-1995,119.1,4,4,0.988,53.081
NorthSea_880,NorthSea,02-06-1995,119.1,4.1,4.1,1.138,53.093
NorthSea_881,NorthSea,09-04-1995,119.1,3.6,3.6,1.514,52.899
NorthSea_882,NorthSea,03-07-1995,119.1,3.2,3.2,1.84,52.95
Prime_883,Prime,18-06-1996,4,5,5,-20,59.17
Prime_884,Prime,18-06-1996,4,10,10,-20,59.17
Prime_885,Prime,18-06-1996,4,20,20,-20,59.17
Prime_886,Prime,18-06-1996,4,30,30,-20,59.17
Prime_887,Prime,18-06-1996,4,40,40,-20,59.17
Prime_888,Prime,18-06-1996,4,50,50,-20,59.17
Prime_889,Prime,19-06-1996,6,4,4,-20.09,59.15
Prime_890,Prime,19-06-1996,6,10,10,-20.09,59.15
Prime_891,Prime,19-06-1996,6,21,21,-20.09,59.15
Prime_892,Prime,19-06-1996,6,31,31,-20.09,59.15
Prime_893,Prime,19-06-1996,6,41,41,-20.09,59.15
Prime_894,Prime,19-06-1996,6,51,51,-20.09,59.15
Prime_895,Prime,20-06-1996,9,4,4,-20.091,59.052
Prime_896,Prime,20-06-1996,9,11,11,-20.091,59.052
Prime_897,Prime,20-06-1996,9,20,20,-20.091,59.052
Prime_898,Prime,20-06-1996,9,31,31,-20.091,59.052
Prime_899,Prime,20-06-1996,9,40,40,-20.091,59.052
Prime_900,Prime,21-06-1996,12,3,3,-20.324,59.145
Prime_901,Prime,21-06-1996,12,10,10,-20.324,59.145
Prime_902,Prime,21-06-1996,12,20,20,-20.324,59.145
Prime_903,Prime,21-06-1996,12,30,30,-20.324,59.145
Prime_904,Prime,21-06-1996,12,41,41,-20.324,59.145
Prime_905,Prime,21-06-1996,12,51,51,-20.324,59.145
Prime_906,Prime,22-06-1996,15,4,4,-20.098,59.135
Prime_907,Prime,22-06-1996,15,10,10,-20.098,59.135
Prime_908,Prime,22-06-1996,15,20,20,-20.098,59.135
Prime_909,Prime,22-06-1996,15,30,30,-20.098,59.135
Prime_910,Prime,22-06-1996,15,41,41,-20.098,59.135
Prime_911,Prime,22-06-1996,15,51,51,-20.098,59.135
Prime_912,Prime,23-06-1996,18,3,3,-20.025,59
Prime_913,Prime,23-06-1996,18,11,11,-20.025,59
Prime_914,Prime,23-06-1996,18,21,21,-20.025,59
Prime_915,Prime,23-06-1996,18,30,30,-20.025,59
Prime_916,Prime,23-06-1996,18,40,40,-20.025,59
Prime_917,Prime,23-06-1996,18,51,51,-20.025,59
Prime_918,Prime,24-06-1996,19,3,3,-20.614,59.062
Prime_919,Prime,24-06-1996,19,10,10,-20.614,59.062
Prime_920,Prime,24-06-1996,19,19.43,19.43,-20.614,59.062
Prime_921,Prime,24-06-1996,19,31.16,31.16,-20.614,59.062
Prime_922,Prime,24-06-1996,19,40.77,40.77,-20.614,59.062
Prime_923,Prime,25-06-1996,23,3,3,-20.436,59.0798
Prime_924,Prime,25-06-1996,23,10,10,-20.436,59.0798
Prime_925,Prime,25-06-1996,23,20,20,-20.436,59.0798
Prime_926,Prime,25-06-1996,23,30,30,-20.436,59.0798
Prime_927,Prime,25-06-1996,23,40,40,-20.436,59.0798
Prime_928,Prime,26-06-1996,28,3,3,-20.48,59.18
Prime_929,Prime,26-06-1996,28,11,11,-20.48,59.18
Prime_930,Prime,26-06-1996,28,21,21,-20.48,59.18
Prime_931,Prime,26-06-1996,28,30,30,-20.48,59.18
Prime_932,Prime,26-06-1996,28,51,51,-20.48,59.18
Sonne_933,Sonne,19-05-1997,8252,5,5,56.85,17.833
Sonne_934,Sonne,19-05-1997,8253,10,10,56.85,17.833
Sonne_935,Sonne,19-05-1997,8254,15,15,56.85,17.833
Sonne_936,Sonne,19-05-1997,8255,25,25,56.85,17.833
Sonne_937,Sonne,19-05-1997,8256,40,40,56.85,17.833
Sonne_938,Sonne,20-06-1997,8257,5,5,56.85,17.833
Sonne_939,Sonne,20-06-1997,8258,10,10,56.85,17.833
Sonne_940,Sonne,20-06-1997,8259,15,15,56.85,17.833
Sonne_941,Sonne,20-06-1997,8260,25,25,56.85,17.833
Sonne_942,Sonne,20-06-1997,8261,40,40,56.85,17.833
Sonne_943,Sonne,21-06-1997,8262,5,5,56.85,17.85
Sonne_944,Sonne,21-06-1997,8263,10,10,56.85,17.85
Sonne_945,Sonne,21-06-1997,8264,15,15,56.85,17.85
Sonne_946,Sonne,21-06-1997,8265,20,20,56.85,17.85
Sonne_947,Sonne,21-06-1997,8266,25,25,56.85,17.85
Sonne_948,Sonne,21-06-1997,8267,30,30,56.85,17.85
Sonne_949,Sonne,22-06-1997,8268,5,5,56.917,17.883
Sonne_950,Sonne,22-06-1997,8269,10,10,56.917,17.883
Sonne_951,Sonne,22-06-1997,8270,15,15,56.917,17.883
Sonne_952,Sonne,22-06-1997,8271,25,25,56.917,17.883
Sonne_953,Sonne,22-06-1997,8272,30,30,56.917,17.883
Sonne_954,Sonne,22-06-1997,8273,40,40,56.917,17.883
Sonne_955,Sonne,23-06-1997,8276,5,5,56.95,17.883
Sonne_956,Sonne,23-06-1997,8278,15,15,56.95,17.883
Sonne_957,Sonne,23-06-1997,8277,25,25,56.95,17.883
Sonne_958,Sonne,23-06-1997,8274,40,40,56.95,17.883
Sonne_959,Sonne,23-06-1997,8275,60,60,56.95,17.883
Sonne_960,Sonne,23-06-1997,8279,80,80,56.95,17.883
Sonne_961,Sonne,24-06-1997,8283,5,5,57.2,17.95
Sonne_962,Sonne,24-06-1997,8280,15,15,57.2,17.95
Sonne_963,Sonne,24-06-1997,8281,25,25,57.2,17.95
Sonne_964,Sonne,24-06-1997,8282,40,40,57.2,17.95
Sonne_965,Sonne,24-06-1997,8284,60,60,57.2,17.95
Sonne_966,Sonne,24-06-1997,8285,80,80,57.2,17.95
Sonne_967,Sonne,24-06-1997,8286,100,100,57.2,17.95
Sonne_968,Sonne,25-06-1997,8287,5,5,57.233,17.983
Sonne_969,Sonne,25-06-1997,8324,15,15,57.233,17.983
Sonne_970,Sonne,25-06-1997,8325,25,25,57.233,17.983
Sonne_971,Sonne,25-06-1997,8326,40,40,57.233,17.983
Sonne_972,Sonne,25-06-1997,8327,60,60,57.233,17.983
Sonne_973,Sonne,25-06-1997,8328,80,80,57.233,17.983
Sonne_974,Sonne,25-06-1997,8329,100,100,57.233,17.983
Sonne_975,Sonne,26-06-1997,8330,5,5,57.317,18.183
Sonne_976,Sonne,26-06-1997,8331,15,15,57.317,18.183
Sonne_977,Sonne,26-06-1997,8332,25,25,57.317,18.183
Sonne_978,Sonne,26-06-1997,8333,40,40,57.317,18.183
Sonne_979,Sonne,26-06-1997,8334,60,60,57.317,18.183
Sonne_980,Sonne,26-06-1997,8335,80,80,57.317,18.183
Sonne_981,Sonne,26-06-1997,8336,100,100,57.317,18.183
Sonne_982,Sonne,27-06-1997,8337,5,5,57.317,18.2
Sonne_983,Sonne,27-06-1997,8338,15,15,57.317,18.2
Sonne_984,Sonne,27-06-1997,8339,25,25,57.317,18.2
Sonne_985,Sonne,27-06-1997,8340,40,40,57.317,18.2
Sonne_986,Sonne,27-06-1997,8341,60,60,57.317,18.2
Sonne_987,Sonne,27-06-1997,8342,80,80,57.317,18.2
Sonne_988,Sonne,27-06-1997,8343,100,100,57.317,18.2
Sonne_989,Sonne,28-06-1997,8344,5,5,57.4,18.333
Sonne_990,Sonne,28-06-1997,8345,15,15,57.4,18.333
Sonne_991,Sonne,28-06-1997,8346,25,25,57.4,18.333
Sonne_992,Sonne,28-06-1997,8347,40,40,57.4,18.333
Sonne_993,Sonne,28-06-1997,8348,60,60,57.4,18.333
Sonne_994,Sonne,28-06-1997,8349,80,80,57.4,18.333
Sonne_995,Sonne,28-06-1997,8350,100,100,57.4,18.333
Sonne_996,Sonne,29-06-1997,8351,5,5,57.417,18.367
Sonne_997,Sonne,29-06-1997,8352,15,15,57.417,18.367
Sonne_998,Sonne,29-06-1997,8353,25,25,57.417,18.367
Sonne_999,Sonne,29-06-1997,8354,40,40,57.417,18.367
Sonne_1000,Sonne,29-06-1997,8355,60,60,57.417,18.367
Sonne_1001,Sonne,29-06-1997,8356,80,80,57.417,18.367
Sonne_1002,Sonne,29-06-1997,8357,100,100,57.417,18.367
Sonne_1003,Sonne,01-07-1997,8358,10,10,57.583,17.783
Sonne_1004,Sonne,01-07-1997,8359,25,25,57.583,17.783
Sonne_1005,Sonne,01-07-1997,8360,40,40,57.583,17.783
Sonne_1006,Sonne,01-07-1997,8361,60,60,57.583,17.783
Sonne_1007,Sonne,01-07-1997,8362,80,80,57.583,17.783
Sonne_1008,Sonne,01-07-1997,8363,100,100,57.583,17.783
Sonne_1009,Sonne,01-07-1997,8364,120,120,57.583,17.783
Sonne_1010,Sonne,02-07-1997,8366,10,10,57.717,17.5
Sonne_1011,Sonne,02-07-1997,8367,25,25,57.717,17.5
Sonne_1012,Sonne,02-07-1997,8368,40,40,57.717,17.5
Sonne_1013,Sonne,02-07-1997,8369,70,70,57.717,17.5
Sonne_1014,Sonne,02-07-1997,8370,80,80,57.717,17.5
Sonne_1015,Sonne,02-07-1997,8371,100,100,57.717,17.5
Sonne_1016,Sonne,02-07-1997,8372,120,120,57.717,17.5
Sonne_1017,Sonne,03-07-1997,8374,10,10,57.85,17.35
Sonne_1018,Sonne,03-07-1997,8375,25,25,57.85,17.35
Sonne_1019,Sonne,03-07-1997,8376,40,40,57.85,17.35
Sonne_1020,Sonne,03-07-1997,8377,70,70,57.85,17.35
Sonne_1021,Sonne,03-07-1997,8378,80,80,57.85,17.35
Sonne_1022,Sonne,03-07-1997,8379,100,100,57.85,17.35
Sonne_1023,Sonne,05-07-1997,8386,5,5,59.1,17.583
Sonne_1024,Sonne,05-07-1997,8391,15,15,59.1,17.583
Sonne_1025,Sonne,05-07-1997,8390,25,25,59.1,17.583
Sonne_1026,Sonne,05-07-1997,8389,40,40,59.1,17.583
Sonne_1027,Sonne,05-07-1997,8385,60,60,59.1,17.583
Sonne_1028,Sonne,05-07-1997,8384,80,80,59.1,17.583
Sonne_1029,Sonne,05-07-1997,8383,100,100,59.1,17.583
Sonne_1030,Sonne,06-07-1997,8396,5,5,60.5,16.8
Sonne_1031,Sonne,06-07-1997,8397,15,15,60.5,16.8
Sonne_1032,Sonne,06-07-1997,8398,25,25,60.5,16.8
Sonne_1033,Sonne,06-07-1997,8399,40,40,60.5,16.8
Sonne_1034,Sonne,06-07-1997,8400,60,60,60.5,16.8
Sonne_1035,Sonne,06-07-1997,8401,80,80,60.5,16.8
Sonne_1036,Sonne,06-07-1997,8402,100,100,60.5,16.8
Sonne_1037,Sonne,07-07-1997,8403,5,5,62,15.983
Sonne_1038,Sonne,07-07-1997,8404,15,15,62,15.983
Sonne_1039,Sonne,07-07-1997,8405,25,25,62,15.983
Sonne_1040,Sonne,07-07-1997,8406,40,40,62,15.983
Sonne_1041,Sonne,07-07-1997,8407,60,60,62,15.983
Sonne_1042,Sonne,07-07-1997,8408,80,80,62,15.983
Sonne_1043,Sonne,07-07-1997,8409,100,100,62,15.983
